uid,treatment,converted,uplift_s,uplift_t,user_type,is_new,log_cnt,avg_during_time
87,1,1,0.0,0.9901462058251262,Persuadable (Priority),0,31,11655.645161290322
263,1,1,0.0,0.9891009627277456,Persuadable (Priority),1,22,11787.09090909091
400,1,1,0.0,0.9882853763400269,Persuadable (Priority),1,20,12127.6
725,1,1,0.0,0.9865498120612477,Persuadable (Priority),1,20,9507.15
707,1,1,0.0,0.9865498120612477,Persuadable (Priority),1,27,9658.074074074075
394,1,1,0.0,0.9865498120612477,Persuadable (Priority),1,26,9645.76923076923
405,1,1,0.0,0.9865498120612477,Persuadable (Priority),1,29,9219.0
166,1,1,0.0,0.9865498120612477,Persuadable (Priority),1,23,9599.434782608696
430,1,1,0.0,0.9865498120612477,Persuadable (Priority),1,23,9846.173913043478
418,1,1,0.0,0.9865498120612477,Persuadable (Priority),1,24,9489.708333333334
396,1,1,0.0,0.9865498120612477,Persuadable (Priority),1,24,9831.166666666666
852,1,1,0.0,0.9865498120612477,Persuadable (Priority),1,30,9381.633333333333
178,1,1,0.0,0.9865498120612477,Persuadable (Priority),1,31,9589.322580645161
605,1,1,0.0,0.9865498120612477,Persuadable (Priority),1,21,10277.380952380952
20,1,1,0.0,0.9865498120612477,Persuadable (Priority),1,43,9931.67441860465
979,1,1,0.0,0.9865498120612477,Persuadable (Priority),1,20,8932.3
628,1,1,0.0,0.9865498120612477,Persuadable (Priority),1,46,10336.95652173913
583,1,1,0.0,0.9865498120612477,Persuadable (Priority),1,27,10191.814814814816
221,1,1,0.0,0.9865498120612477,Persuadable (Priority),1,27,9398.148148148148
863,1,1,0.0,0.9865498120612477,Persuadable (Priority),1,33,9607.121212121212
32,1,1,0.0,0.9865498120612477,Persuadable (Priority),1,22,9030.363636363636
830,1,1,0.0,0.9865498120612477,Persuadable (Priority),1,20,9704.8
897,1,1,0.0,0.9865498120612477,Persuadable (Priority),1,25,10433.6
287,1,1,0.0,0.9865498120612477,Persuadable (Priority),1,35,9685.8
553,1,1,0.0,0.9865498120612477,Persuadable (Priority),1,22,10012.227272727272
284,1,1,0.0,0.9865498120612477,Persuadable (Priority),1,30,9977.766666666666
330,1,1,0.0,0.9865498120612477,Persuadable (Priority),1,20,10094.4
495,1,1,0.0,0.9865498120612477,Persuadable (Priority),1,21,9766.333333333334
533,1,1,0.0,0.9865498120612477,Persuadable (Priority),1,31,9588.387096774193
788,1,1,0.0,0.9865498120612477,Persuadable (Priority),1,20,9797.15
767,1,1,0.0,0.9865498120612477,Persuadable (Priority),1,32,9159.9375
83,1,1,0.0,0.9865498120612477,Persuadable (Priority),1,41,9597.19512195122
73,1,1,0.0,0.986381699743089,Persuadable (Priority),1,31,12006.483870967742
511,1,1,0.0,0.9858010040716672,Persuadable (Priority),1,24,11423.333333333334
536,1,1,0.0,0.9856668587203008,Persuadable (Priority),1,23,11804.304347826086
729,1,1,0.0,0.9855641510177607,Persuadable (Priority),1,30,8585.166666666666
548,1,1,0.0,0.9855641510177607,Persuadable (Priority),1,31,8536.58064516129
359,1,1,0.0,0.9855641510177607,Persuadable (Priority),1,29,8598.448275862069
386,1,1,0.0,0.9855641510177607,Persuadable (Priority),1,20,8620.65
586,1,1,0.0,0.9855641510177607,Persuadable (Priority),1,22,8724.90909090909
518,1,1,0.0,0.9855641510177607,Persuadable (Priority),1,27,8351.407407407407
120,1,1,0.0,0.9855641510177607,Persuadable (Priority),1,25,8572.16
276,1,1,0.0,0.9855641510177607,Persuadable (Priority),1,27,8606.0
757,1,1,0.0,0.9853007304430081,Persuadable (Priority),1,29,7295.0344827586205
271,1,1,0.0,0.9851225721023773,Persuadable (Priority),1,24,6891.75
854,1,1,0.0,0.9851225721023773,Persuadable (Priority),1,26,6966.2692307692305
877,1,1,0.0,0.9848502358343475,Persuadable (Priority),1,25,7117.92
945,1,1,0.0,0.9848502358343475,Persuadable (Priority),1,22,7148.090909090909
109,1,1,0.0,0.984584616532965,Persuadable (Priority),1,21,7915.142857142857
635,1,1,0.0,0.9845013836559668,Persuadable (Priority),1,24,7833.083333333333
657,1,1,0.0,0.9843516141070163,Persuadable (Priority),1,21,8255.047619047618
415,1,1,0.0,0.9843516141070163,Persuadable (Priority),1,46,8267.391304347826
453,1,1,0.0,0.9843516141070163,Persuadable (Priority),1,31,8302.677419354839
192,1,1,0.0,0.9841318076160531,Persuadable (Priority),1,30,6920.066666666667
866,1,1,0.0,0.9841103294894546,Persuadable (Priority),1,35,7868.171428571429
599,1,1,0.0,0.9841103294894546,Persuadable (Priority),1,32,7897.4375
711,1,1,0.0,0.9841103294894546,Persuadable (Priority),1,25,7701.64
924,1,1,0.0,0.9840243336018303,Persuadable (Priority),1,23,7318.0
281,1,1,0.0,0.9840243336018303,Persuadable (Priority),1,34,7893.470588235294
977,1,1,0.0,0.9840243336018303,Persuadable (Priority),1,20,7585.5
494,1,1,0.0,0.9840243336018303,Persuadable (Priority),1,25,7388.84
77,1,1,0.0,0.9840243336018303,Persuadable (Priority),1,20,7492.65
50,1,1,0.0,0.9840243336018303,Persuadable (Priority),1,31,8028.870967741936
504,1,1,0.0,0.9840243336018303,Persuadable (Priority),1,21,7879.761904761905
961,1,1,0.0,0.9840243336018303,Persuadable (Priority),1,20,7553.55
403,1,1,0.0,0.9840243336018303,Persuadable (Priority),1,23,7872.391304347826
4,1,1,0.0,0.9840243336018303,Persuadable (Priority),1,23,7414.521739130435
160,1,1,0.0,0.9840243336018303,Persuadable (Priority),1,21,7666.047619047619
915,1,1,0.0,0.9840243336018303,Persuadable (Priority),1,20,7660.25
24,1,1,0.0,0.9840243336018303,Persuadable (Priority),1,20,7844.9
22,1,1,0.0,0.9840243336018303,Persuadable (Priority),1,24,7737.458333333333
324,1,1,0.0,0.9840243336018303,Persuadable (Priority),1,21,7862.9047619047615
232,1,1,0.0,0.9840243336018303,Persuadable (Priority),1,20,7162.2
380,1,1,0.0,0.9840243336018303,Persuadable (Priority),1,21,7944.857142857143
94,1,1,0.0,0.9840243336018303,Persuadable (Priority),1,22,7367.136363636364
106,1,1,0.0,0.9840243336018303,Persuadable (Priority),1,29,7592.620689655172
999,1,1,0.0,0.9840243336018303,Persuadable (Priority),1,29,7802.103448275862
670,1,1,0.0,0.9840243336018303,Persuadable (Priority),1,20,7109.45
690,1,1,0.0,0.9838440391112548,Persuadable (Priority),1,25,10805.92
180,1,1,0.0,0.9838440391112548,Persuadable (Priority),1,31,10679.677419354839
182,1,1,0.0,0.9838440391112548,Persuadable (Priority),1,44,10804.181818181818
502,1,1,0.0,0.9837595013944049,Persuadable (Priority),1,46,9630.369565217392
331,1,1,0.0,0.9837595013944049,Persuadable (Priority),1,27,9789.222222222223
955,1,1,0.0,0.9836424949715005,Persuadable (Priority),1,24,6923.666666666667
408,1,1,0.0,0.983329735646314,Persuadable (Priority),1,31,9606.032258064517
738,1,1,0.0,0.983329735646314,Persuadable (Priority),1,32,9799.4375
500,1,1,0.0,0.983329735646314,Persuadable (Priority),1,25,8762.12
965,1,1,0.0,0.983329735646314,Persuadable (Priority),1,57,8811.473684210527
188,1,1,0.0,0.983329735646314,Persuadable (Priority),1,39,9052.692307692309
195,1,1,0.0,0.983329735646314,Persuadable (Priority),1,32,8988.21875
936,1,1,0.0,0.983329735646314,Persuadable (Priority),1,20,10281.45
825,1,1,0.0,0.983329735646314,Persuadable (Priority),1,41,9469.390243902439
316,1,1,0.0,0.983329735646314,Persuadable (Priority),1,37,8806.675675675675
847,1,1,0.0,0.983329735646314,Persuadable (Priority),1,27,9298.851851851852
310,1,1,0.0,0.983329735646314,Persuadable (Priority),1,35,8890.257142857143
55,1,1,0.0,0.983329735646314,Persuadable (Priority),1,25,9481.4
222,1,1,0.0,0.983329735646314,Persuadable (Priority),1,28,10252.5
662,1,1,0.0,0.983329735646314,Persuadable (Priority),1,49,10024.57142857143
148,1,1,0.0,0.983329735646314,Persuadable (Priority),1,48,9851.75
992,1,1,0.0,0.983329735646314,Persuadable (Priority),1,39,8795.48717948718
994,1,1,0.0,0.9830472611167745,Persuadable (Priority),1,22,8084.181818181818
693,1,1,0.0,0.982955082068335,Persuadable (Priority),1,21,7435.0952380952385
144,1,1,0.0,0.982344074602827,Persuadable (Priority),1,32,8361.28125
554,1,1,0.0,0.982344074602827,Persuadable (Priority),1,30,8370.433333333332
575,1,1,0.0,0.982344074602827,Persuadable (Priority),1,24,8335.041666666666
805,1,1,0.0,0.982344074602827,Persuadable (Priority),1,42,8580.619047619048
117,1,1,0.0,0.982344074602827,Persuadable (Priority),1,32,8415.96875
779,1,1,0.0,0.9811956448161769,Persuadable (Priority),1,27,9861.851851851852
742,1,1,0.0,0.9811956448161769,Persuadable (Priority),1,20,9302.1
914,1,1,0.0,0.9810537284444121,Persuadable (Priority),1,41,10676.414634146342
146,1,1,0.0,0.9799257435862438,Persuadable (Priority),1,28,8144.357142857143
252,1,1,0.0,0.9799257435862438,Persuadable (Priority),1,26,8146.923076923077
647,1,1,0.0,0.9799257435862438,Persuadable (Priority),1,27,8192.407407407407
660,1,1,0.0,0.9797607240742214,Persuadable (Priority),1,27,11548.666666666666
803,1,1,0.0,0.9797080080426415,Persuadable (Priority),1,30,11061.433333333332
236,1,1,0.0,0.9796231487627209,Persuadable (Priority),1,31,9435.806451612903
565,1,1,0.0,0.9796231487627209,Persuadable (Priority),1,20,10302.3
920,1,1,0.0,0.979475215432659,Persuadable (Priority),1,28,12038.67857142857
128,1,1,0.0,0.9791719196495231,Persuadable (Priority),1,20,9644.15
249,1,1,0.0,0.9791719196495231,Persuadable (Priority),1,20,10001.95
6,1,1,0.0,0.9791719196495231,Persuadable (Priority),1,35,9513.457142857143
859,1,1,0.0,0.9791719196495231,Persuadable (Priority),1,22,10515.227272727272
186,1,1,0.0,0.9791719196495231,Persuadable (Priority),1,29,9582.551724137931
926,1,1,0.0,0.9791719196495231,Persuadable (Priority),1,29,10534.172413793103
171,1,1,0.0,0.9791719196495231,Persuadable (Priority),1,20,9230.5
43,1,1,0.0,0.9791719196495231,Persuadable (Priority),1,20,8988.3
692,1,1,0.0,0.9789090843332319,Persuadable (Priority),1,26,9986.192307692309
363,1,1,0.0,0.9789090843332319,Persuadable (Priority),1,50,10569.12
103,1,1,0.0,0.9789090843332319,Persuadable (Priority),1,32,9713.09375
149,1,1,0.0,0.9789090843332319,Persuadable (Priority),1,33,8871.030303030304
99,1,1,0.0,0.9789090843332319,Persuadable (Priority),1,38,9504.605263157895
112,1,1,0.0,0.9789090843332319,Persuadable (Priority),1,28,9830.214285714286
983,1,1,0.0,0.9789090843332319,Persuadable (Priority),1,20,9129.85
507,1,1,0.0,0.9789090843332319,Persuadable (Priority),1,20,10548.0
422,1,1,0.0,0.9789090843332319,Persuadable (Priority),1,42,8909.57142857143
998,1,1,0.0,0.9789090843332319,Persuadable (Priority),1,45,9535.844444444445
299,1,1,0.0,0.9789090843332319,Persuadable (Priority),1,38,10011.526315789473
557,1,1,0.0,0.9789090843332319,Persuadable (Priority),1,30,8817.7
971,1,1,0.0,0.9789090843332319,Persuadable (Priority),1,29,9718.551724137931
154,1,1,0.0,0.9789090843332319,Persuadable (Priority),1,32,9790.25
551,1,1,0.0,0.9789090843332319,Persuadable (Priority),1,22,9838.454545454546
594,1,1,0.0,0.9789090843332319,Persuadable (Priority),1,29,9543.344827586207
339,1,1,0.0,0.9789090843332319,Persuadable (Priority),1,24,9393.666666666666
958,1,1,0.0,0.9789090843332319,Persuadable (Priority),1,24,10238.791666666666
665,1,1,0.0,0.9789090843332319,Persuadable (Priority),1,22,10233.227272727272
360,1,1,0.0,0.978424680242879,Persuadable (Priority),0,20,9771.3
161,1,1,0.0,0.978424680242879,Persuadable (Priority),0,26,9931.923076923076
12,1,1,0.0,0.978424680242879,Persuadable (Priority),0,20,10516.95
616,1,1,0.0,0.978424680242879,Persuadable (Priority),0,21,9461.380952380952
368,1,1,0.0,0.978424680242879,Persuadable (Priority),0,20,10227.1
537,1,1,0.0,0.978424680242879,Persuadable (Priority),0,27,8836.851851851852
748,1,1,0.0,0.9783110060240251,Persuadable (Priority),1,42,8207.095238095239
630,1,1,0.0,0.9781602763436513,Persuadable (Priority),1,20,11315.35
919,1,1,0.0,0.9779234232897449,Persuadable (Priority),1,22,8369.40909090909
909,1,1,0.0,0.9779234232897449,Persuadable (Priority),1,55,8591.436363636363
739,1,1,0.0,0.9774665420686645,Persuadable (Priority),0,39,8446.051282051281
702,1,1,0.0,0.9771561661743026,Persuadable (Priority),1,20,10753.0
654,1,1,0.0,0.9771554019785055,Persuadable (Priority),1,31,8453.774193548386
292,1,1,0.0,0.9771554019785055,Persuadable (Priority),1,34,8430.411764705883
272,1,1,0.0,0.9771071495272002,Persuadable (Priority),1,22,9667.272727272728
366,1,1,0.0,0.9767749935030948,Persuadable (Priority),1,24,10612.791666666666
296,1,1,0.0,0.9767056671713101,Persuadable (Priority),1,29,8172.758620689655
206,1,1,0.0,0.9767056671713101,Persuadable (Priority),1,25,8196.08
709,1,1,0.0,0.9765539875992801,Persuadable (Priority),1,38,10856.315789473685
650,1,1,0.0,0.9762877895551468,Persuadable (Priority),0,28,8284.32142857143
783,1,1,0.0,0.9762029358466742,Persuadable (Priority),1,24,8259.208333333334
691,1,1,0.0,0.9739965940272294,Persuadable (Priority),1,13,11649.692307692309
689,1,1,0.0,0.9739965940272294,Persuadable (Priority),1,13,12258.538461538461
349,1,1,0.0,0.9723251271107728,Persuadable (Priority),1,21,9216.666666666666
267,1,1,0.0,0.972285015858228,Persuadable (Priority),1,26,8129.076923076923
201,1,1,0.0,0.9722777383391561,Persuadable (Priority),1,34,9977.64705882353
314,1,1,0.0,0.97197517895536,Persuadable (Priority),1,16,9753.0
745,1,1,0.0,0.97197517895536,Persuadable (Priority),1,14,9039.285714285714
743,1,1,0.0,0.97197517895536,Persuadable (Priority),1,13,9195.461538461539
638,1,1,0.0,0.97197517895536,Persuadable (Priority),1,14,10071.0
95,1,1,0.0,0.97197517895536,Persuadable (Priority),1,13,9644.923076923076
580,1,1,0.0,0.97197517895536,Persuadable (Priority),1,13,9261.307692307691
260,1,1,0.0,0.97197517895536,Persuadable (Priority),1,17,9150.941176470587
269,1,1,0.0,0.97197517895536,Persuadable (Priority),1,14,9307.714285714286
9,1,1,0.0,0.97197517895536,Persuadable (Priority),1,16,8958.3125
582,1,1,0.0,0.97197517895536,Persuadable (Priority),1,13,9415.0
465,1,1,0.0,0.97197517895536,Persuadable (Priority),1,15,9472.133333333333
488,1,1,0.0,0.97197517895536,Persuadable (Priority),1,16,9319.9375
462,1,1,0.0,0.97197517895536,Persuadable (Priority),1,15,9966.466666666667
631,1,1,0.0,0.97197517895536,Persuadable (Priority),1,13,9582.615384615385
747,1,1,0.0,0.97197517895536,Persuadable (Priority),1,18,9442.5
981,1,1,0.0,0.97197517895536,Persuadable (Priority),1,15,9104.6
81,1,1,0.0,0.97197517895536,Persuadable (Priority),1,14,9360.92857142857
595,1,1,0.0,0.97197517895536,Persuadable (Priority),1,16,9435.5
80,1,1,0.0,0.97197517895536,Persuadable (Priority),1,18,9201.333333333334
530,1,1,0.0,0.97197517895536,Persuadable (Priority),1,13,9982.0
796,1,1,0.0,0.97197517895536,Persuadable (Priority),1,13,8817.076923076924
196,1,1,0.0,0.97197517895536,Persuadable (Priority),1,13,10493.076923076924
838,1,1,0.0,0.97197517895536,Persuadable (Priority),1,13,9965.307692307691
538,1,1,0.0,0.97197517895536,Persuadable (Priority),1,16,10389.3125
682,1,1,0.0,0.97197517895536,Persuadable (Priority),1,13,10430.846153846154
208,1,1,0.0,0.97197517895536,Persuadable (Priority),1,18,10041.222222222223
49,1,1,0.0,0.97197517895536,Persuadable (Priority),1,17,9429.411764705883
290,1,1,0.0,0.97197517895536,Persuadable (Priority),1,16,8840.6875
86,1,1,0.0,0.97197517895536,Persuadable (Priority),1,13,8812.307692307691
939,1,1,0.0,0.97197517895536,Persuadable (Priority),1,16,9782.875
19,1,1,0.0,0.97197517895536,Persuadable (Priority),1,18,9717.333333333334
416,1,1,0.0,0.9708549350832577,Persuadable (Priority),1,17,10139.588235294117
333,1,1,0.0,0.969898004011643,Persuadable (Priority),1,13,11337.0
646,1,1,0.0,0.969898004011643,Persuadable (Priority),1,19,11247.0
476,1,1,0.0,0.9692421649620079,Persuadable (Priority),1,17,8637.588235294117
934,1,1,0.0,0.9692421649620079,Persuadable (Priority),1,13,8723.384615384615
755,1,1,0.0,0.9692421649620079,Persuadable (Priority),1,18,8640.333333333334
223,1,1,0.0,0.9687551025404263,Persuadable (Priority),1,14,8950.0
884,1,1,0.0,0.9681962743145487,Persuadable (Priority),0,11,12108.545454545454
420,1,1,0.0,0.9680220868426068,Persuadable (Priority),1,13,13050.538461538461
170,1,1,0.0,0.9670037453752209,Persuadable (Priority),0,13,9299.153846153846
851,1,1,0.0,0.9670037453752209,Persuadable (Priority),0,17,9127.411764705883
460,1,1,0.0,0.9670037453752209,Persuadable (Priority),0,19,9045.894736842105
712,1,1,0.0,0.9670037453752209,Persuadable (Priority),0,13,9367.153846153846
457,1,1,0.0,0.9654844582252108,Persuadable (Priority),1,14,9139.642857142857
509,1,1,0.0,0.9652306911930825,Persuadable (Priority),0,17,11278.117647058823
902,1,1,0.0,0.9652306911930825,Persuadable (Priority),0,14,11238.785714285714
157,1,1,0.0,0.9646706397285999,Persuadable (Priority),0,13,8420.923076923076
760,1,1,0.0,0.9646706397285999,Persuadable (Priority),0,16,8486.375
131,1,1,0.0,0.9646706397285999,Persuadable (Priority),0,13,8747.307692307691
969,1,1,0.0,0.9644962355245391,Persuadable (Priority),1,13,10814.461538461539
763,1,1,0.0,0.9644962355245391,Persuadable (Priority),1,13,10797.615384615385
968,1,1,0.0,0.9644962355245391,Persuadable (Priority),1,14,10927.785714285714
357,1,1,0.0,0.9644962355245391,Persuadable (Priority),1,17,10762.764705882353
342,1,1,0.0,0.9643344512273442,Persuadable (Priority),1,13,9589.307692307691
629,1,1,0.0,0.9643344512273442,Persuadable (Priority),1,18,8925.5
785,1,1,0.0,0.9643344512273442,Persuadable (Priority),1,16,8901.5
70,1,1,0.0,0.9636638869163532,Persuadable (Priority),1,17,12409.588235294117
445,1,1,0.0,0.9635204362365103,Persuadable (Priority),1,18,12002.0
879,1,1,0.0,0.9632827872567132,Persuadable (Priority),1,22,6402.863636363636
775,1,1,0.0,0.961601437233992,Persuadable (Priority),1,13,8347.384615384615
811,1,1,0.0,0.9612359885326974,Persuadable (Priority),1,22,8823.90909090909
338,1,1,0.0,0.9612359885326974,Persuadable (Priority),1,26,9740.346153846154
606,1,1,0.0,0.9612359885326974,Persuadable (Priority),1,34,9374.470588235294
141,1,1,0.0,0.9612359885326974,Persuadable (Priority),1,22,10179.045454545454
483,1,1,0.0,0.9612359885326974,Persuadable (Priority),1,20,9653.2
990,1,1,0.0,0.9612359885326974,Persuadable (Priority),1,29,8799.206896551725
986,1,1,0.0,0.9612359885326974,Persuadable (Priority),1,20,9395.4
450,1,1,0.0,0.9612359885326974,Persuadable (Priority),1,29,9890.068965517241
23,1,1,0.0,0.9612359885326974,Persuadable (Priority),1,38,10089.5
68,1,1,0.0,0.9611904694035304,Persuadable (Priority),1,34,9384.764705882353
678,1,1,0.0,0.9609255255524297,Persuadable (Priority),1,20,8664.85
459,1,1,0.0,0.9609193210589074,Persuadable (Priority),1,43,9692.511627906977
321,1,1,0.0,0.9609193210589074,Persuadable (Priority),1,47,9553.808510638299
800,1,1,0.0,0.9609193210589074,Persuadable (Priority),1,37,9053.837837837838
28,1,1,0.0,0.9608196876856511,Persuadable (Priority),1,19,8477.21052631579
15,1,1,0.0,0.9599394376981354,Persuadable (Priority),1,45,8523.711111111112
140,1,1,0.0,0.9582251045689816,Persuadable (Priority),1,26,6701.423076923077
37,1,1,0.0,0.9581661593372979,Persuadable (Priority),1,31,10860.870967741936
570,1,1,0.0,0.9569065717257854,Persuadable (Priority),1,11,12275.818181818182
556,1,1,0.0,0.9568219757058277,Persuadable (Priority),1,14,8227.285714285714
831,1,1,0.0,0.9557468547989165,Persuadable (Priority),0,11,11193.0
663,1,0,0.0,0.9532056250100855,To be activated (Potential),1,16,10991.1875
624,1,1,0.0,0.952807981710199,Persuadable (Priority),1,11,11383.727272727272
995,1,1,0.0,0.952807981710199,Persuadable (Priority),1,12,11335.916666666666
973,1,1,0.0,0.9527991466830427,Persuadable (Priority),0,10,12497.4
440,1,1,0.0,0.9491168640316976,Persuadable (Priority),1,19,7292.894736842105
905,1,1,0.0,0.9485167947811014,Persuadable (Priority),1,19,8958.105263157895
96,1,1,0.0,0.9485167947811014,Persuadable (Priority),1,18,9784.388888888889
362,1,1,0.0,0.9485167947811014,Persuadable (Priority),1,17,8869.64705882353
730,1,1,0.0,0.9485167947811014,Persuadable (Priority),1,17,10059.882352941177
762,1,1,0.0,0.9483971317242345,Persuadable (Priority),1,17,10413.058823529413
962,1,1,0.0,0.9483971317242345,Persuadable (Priority),1,18,10142.222222222223
799,1,1,0.0,0.9480103588483692,Persuadable (Priority),1,10,11913.9
243,1,1,0.0,0.9477009957587721,Persuadable (Priority),1,15,8373.666666666666
433,1,1,0.0,0.9477009957587721,Persuadable (Priority),1,13,8548.076923076924
137,1,1,0.0,0.9473828471173349,Persuadable (Priority),0,15,7650.8
288,1,1,0.0,0.9473828471173349,Persuadable (Priority),0,13,7633.615384615385
164,1,1,0.0,0.9467362353326364,Persuadable (Priority),0,11,9618.818181818182
836,1,1,0.0,0.9467362353326364,Persuadable (Priority),0,11,10008.636363636364
212,1,1,0.0,0.9467362353326364,Persuadable (Priority),0,11,10161.636363636364
108,1,1,0.0,0.9467362353326364,Persuadable (Priority),0,11,9611.0
115,1,1,0.0,0.9467362353326364,Persuadable (Priority),0,11,9699.181818181818
802,1,1,0.0,0.9466964077329177,Persuadable (Priority),1,15,7033.2
398,1,1,0.0,0.9466690352048612,Persuadable (Priority),1,11,11996.636363636364
181,1,1,0.0,0.9466390940231502,Persuadable (Priority),1,17,11412.470588235294
787,1,1,0.0,0.9462802803407958,Persuadable (Priority),1,23,9525.347826086956
724,1,1,0.0,0.9462674283647362,Persuadable (Priority),1,19,7047.0526315789475
824,1,1,0.0,0.9462370844195478,Persuadable (Priority),1,33,9753.060606060606
130,1,1,0.0,0.9460608887264224,Persuadable (Priority),1,19,8318.368421052632
528,1,1,0.0,0.9458317014620671,Persuadable (Priority),1,34,8766.558823529413
337,1,1,0.0,0.9458317014620671,Persuadable (Priority),1,20,9694.8
823,1,1,0.0,0.9458317014620671,Persuadable (Priority),1,31,10180.09677419355
819,1,1,0.0,0.9458317014620671,Persuadable (Priority),1,21,9190.238095238095
822,1,1,0.0,0.9458317014620671,Persuadable (Priority),1,23,8938.130434782608
848,1,1,0.0,0.9458317014620671,Persuadable (Priority),1,37,9423.297297297297
251,1,1,0.0,0.9458317014620671,Persuadable (Priority),1,28,8928.75
913,1,1,0.0,0.9458317014620671,Persuadable (Priority),1,22,10139.045454545454
834,1,1,0.0,0.9458317014620671,Persuadable (Priority),1,34,9373.64705882353
948,1,1,0.0,0.9458317014620671,Persuadable (Priority),1,33,10206.727272727272
619,1,1,0.0,0.9458317014620671,Persuadable (Priority),1,21,9832.380952380952
431,1,1,0.0,0.94578585530635,Persuadable (Priority),1,34,10229.676470588236
162,1,1,0.0,0.94578585530635,Persuadable (Priority),1,28,9610.75
293,1,1,0.0,0.94578585530635,Persuadable (Priority),1,24,10349.0
365,1,1,0.0,0.94578585530635,Persuadable (Priority),1,22,9270.454545454546
413,1,1,0.0,0.94578585530635,Persuadable (Priority),1,32,8785.96875
139,1,1,0.0,0.94578585530635,Persuadable (Priority),1,20,10399.1
438,1,1,0.0,0.94578585530635,Persuadable (Priority),1,27,9739.481481481482
318,1,1,0.0,0.94578585530635,Persuadable (Priority),1,21,8933.809523809523
573,1,1,0.0,0.94578585530635,Persuadable (Priority),1,31,9999.516129032258
717,1,1,0.0,0.94578585530635,Persuadable (Priority),1,21,9875.857142857143
705,1,1,0.0,0.94578585530635,Persuadable (Priority),1,33,9165.757575757576
266,1,1,0.0,0.9456925454730519,Persuadable (Priority),1,16,7142.375
540,1,0,0.0,0.9456190000014152,To be activated (Potential),1,18,7973.111111111111
11,1,1,0.0,0.9455704087616754,Persuadable (Priority),1,41,9946.878048780487
367,1,1,0.0,0.9455704087616754,Persuadable (Priority),1,31,10210.032258064517
173,1,1,0.0,0.9455704087616754,Persuadable (Priority),1,20,9022.0
116,1,1,0.0,0.9455704087616754,Persuadable (Priority),1,37,8955.783783783783
482,1,1,0.0,0.9455704087616754,Persuadable (Priority),1,29,8836.379310344828
896,1,1,0.0,0.9455704087616754,Persuadable (Priority),1,24,9450.541666666666
890,1,1,0.0,0.9455704087616754,Persuadable (Priority),1,31,9099.548387096775
277,1,1,0.0,0.9455704087616754,Persuadable (Priority),1,36,9596.194444444445
88,1,1,0.0,0.9455704087616754,Persuadable (Priority),1,39,9594.794871794871
576,1,1,0.0,0.9455704087616754,Persuadable (Priority),1,24,9481.583333333334
26,1,1,0.0,0.9455704087616754,Persuadable (Priority),1,20,9288.65
664,1,1,0.0,0.9455704087616754,Persuadable (Priority),1,30,9606.933333333332
916,1,1,0.0,0.9455704087616754,Persuadable (Priority),1,29,8861.068965517241
592,1,1,0.0,0.9455704087616754,Persuadable (Priority),1,22,9868.0
721,1,1,0.0,0.9455704087616754,Persuadable (Priority),1,46,9513.04347826087
375,1,1,0.0,0.9455704087616754,Persuadable (Priority),1,27,9357.0
412,1,1,0.0,0.9455704087616754,Persuadable (Priority),1,33,9511.787878787878
645,1,1,0.0,0.9455704087616754,Persuadable (Priority),1,39,9713.871794871795
317,1,1,0.0,0.9455704087616754,Persuadable (Priority),1,29,9627.448275862069
542,1,1,0.0,0.9455704087616754,Persuadable (Priority),1,22,9801.681818181818
218,1,1,0.0,0.9455704087616754,Persuadable (Priority),1,22,9387.818181818182
590,1,1,0.0,0.9455704087616754,Persuadable (Priority),1,22,9487.5
217,1,1,0.0,0.9455704087616754,Persuadable (Priority),1,44,8966.772727272728
351,1,1,0.0,0.9455704087616754,Persuadable (Priority),1,27,9978.222222222223
74,1,1,0.0,0.9455230199900587,Persuadable (Priority),1,26,10450.192307692309
237,1,1,0.0,0.9455230199900587,Persuadable (Priority),1,32,8922.375
364,1,1,0.0,0.9455230199900587,Persuadable (Priority),1,20,8881.4
39,1,1,0.0,0.9455230199900587,Persuadable (Priority),1,21,9853.333333333334
138,1,1,0.0,0.9455230199900587,Persuadable (Priority),1,21,9329.714285714286
753,1,1,0.0,0.9455230199900587,Persuadable (Priority),1,32,9578.15625
937,1,1,0.0,0.9455230199900587,Persuadable (Priority),1,38,9787.78947368421
352,1,1,0.0,0.9455230199900587,Persuadable (Priority),1,37,10224.891891891892
204,1,1,0.0,0.9455230199900587,Persuadable (Priority),1,23,9641.347826086956
376,1,1,0.0,0.9455230199900587,Persuadable (Priority),1,23,9826.521739130434
759,1,1,0.0,0.9455230199900587,Persuadable (Priority),1,30,10157.466666666667
7,1,1,0.0,0.9455230199900587,Persuadable (Priority),1,25,10443.48
491,1,1,0.0,0.9455230199900587,Persuadable (Priority),1,25,10614.48
510,1,1,0.0,0.9455230199900587,Persuadable (Priority),1,23,9671.434782608696
248,1,1,0.0,0.9455230199900587,Persuadable (Priority),1,26,9382.307692307691
484,1,1,0.0,0.9455230199900587,Persuadable (Priority),1,31,9590.58064516129
687,1,1,0.0,0.9455230199900587,Persuadable (Priority),1,23,9199.173913043478
461,1,1,0.0,0.9455230199900587,Persuadable (Priority),1,40,8975.95
466,1,1,0.0,0.9455230199900587,Persuadable (Priority),1,28,8770.035714285714
275,1,1,0.0,0.9455230199900587,Persuadable (Priority),1,20,10141.4
309,1,1,0.0,0.9455230199900587,Persuadable (Priority),1,31,9551.935483870968
727,1,1,0.0,0.9455230199900587,Persuadable (Priority),1,27,10135.296296296296
320,1,1,0.0,0.9455230199900587,Persuadable (Priority),1,50,9397.5
303,1,1,0.0,0.9455230199900587,Persuadable (Priority),1,23,9073.0
21,1,1,0.0,0.9455230199900587,Persuadable (Priority),1,31,9241.774193548386
680,1,1,0.0,0.9455230199900587,Persuadable (Priority),1,46,8860.521739130434
124,1,1,0.0,0.9453178147370839,Persuadable (Priority),1,14,7825.785714285715
13,1,1,0.0,0.9453178147370839,Persuadable (Priority),1,17,7061.35294117647
918,1,1,0.0,0.9453178147370839,Persuadable (Priority),1,17,7519.411764705882
203,1,1,0.0,0.9453178147370839,Persuadable (Priority),1,14,7207.5
867,1,1,0.0,0.9453178147370839,Persuadable (Priority),1,13,8099.538461538462
374,1,1,0.0,0.9448836863714978,Persuadable (Priority),1,24,8696.625
610,1,1,0.0,0.9448836863714978,Persuadable (Priority),1,27,8685.481481481482
620,1,1,0.0,0.9448836863714978,Persuadable (Priority),1,48,8723.270833333334
857,1,1,0.0,0.9448322472664968,Persuadable (Priority),1,22,8723.818181818182
194,1,1,0.0,0.9448322472664968,Persuadable (Priority),1,20,8680.0
85,1,1,0.0,0.9448322472664968,Persuadable (Priority),1,30,8351.0
392,1,1,0.0,0.9445905254009034,Persuadable (Priority),1,41,8480.853658536585
846,1,1,0.0,0.9445905254009034,Persuadable (Priority),1,36,8370.416666666666
786,1,1,0.0,0.9445905254009034,Persuadable (Priority),1,39,8540.358974358975
76,1,1,0.0,0.9445905254009034,Persuadable (Priority),1,34,8708.70588235294
684,1,1,0.0,0.9445905254009034,Persuadable (Priority),1,34,8666.14705882353
244,1,1,0.0,0.9445905254009034,Persuadable (Priority),1,53,8751.77358490566
967,1,1,0.0,0.9445905254009034,Persuadable (Priority),1,27,8465.555555555555
341,1,1,0.0,0.9445373589465718,Persuadable (Priority),1,34,8578.558823529413
209,1,1,0.0,0.9445373589465718,Persuadable (Priority),1,24,8403.958333333334
880,1,1,0.0,0.9437173610413716,Persuadable (Priority),1,31,8290.387096774193
322,1,1,0.0,0.9433850802584592,Persuadable (Priority),1,21,8227.809523809523
667,1,1,0.0,0.9433850802584592,Persuadable (Priority),1,30,8232.166666666666
17,1,1,0.0,0.9433248220358273,Persuadable (Priority),1,24,8267.0
14,1,1,0.0,0.9433248220358273,Persuadable (Priority),1,24,8234.083333333334
220,1,1,0.0,0.943167923256107,Persuadable (Priority),1,27,10698.148148148148
855,1,1,0.0,0.9429730880536461,Persuadable (Priority),1,16,8070.4375
932,1,1,0.0,0.9428804687424088,Persuadable (Priority),1,31,10681.677419354839
892,1,1,0.0,0.9428804687424088,Persuadable (Priority),1,30,10948.766666666666
588,1,1,0.0,0.9428804687424088,Persuadable (Priority),1,32,10672.3125
815,1,1,0.0,0.9428172470400659,Persuadable (Priority),1,25,10918.08
874,1,1,0.0,0.9428172470400659,Persuadable (Priority),1,39,10828.74358974359
872,1,1,0.0,0.9428172470400659,Persuadable (Priority),1,23,10868.08695652174
168,1,1,0.0,0.9428172470400659,Persuadable (Priority),1,21,10954.142857142857
40,1,1,0.0,0.9426577668919639,Persuadable (Priority),1,17,7908.941176470588
75,1,1,0.0,0.9426577668919639,Persuadable (Priority),1,16,7541.6875
821,1,1,0.0,0.9426577668919639,Persuadable (Priority),1,18,8074.888888888889
771,1,1,0.0,0.9426577668919639,Persuadable (Priority),1,17,7962.823529411765
444,1,1,0.0,0.9426577668919639,Persuadable (Priority),1,16,7119.75
603,1,1,0.0,0.9426577668919639,Persuadable (Priority),1,18,8007.388888888889
230,1,1,0.0,0.9426577668919639,Persuadable (Priority),1,13,7597.153846153846
889,1,1,0.0,0.9426577668919639,Persuadable (Priority),1,13,7537.461538461538
740,1,1,0.0,0.9426577668919639,Persuadable (Priority),1,17,7543.058823529412
353,1,1,0.0,0.9422599191537365,Persuadable (Priority),0,11,9472.90909090909
613,1,1,0.0,0.9422599191537365,Persuadable (Priority),0,11,9153.0
280,1,1,0.0,0.9416200920431798,Persuadable (Priority),1,10,11944.3
372,1,1,0.0,0.9416200920431798,Persuadable (Priority),1,10,12071.2
673,1,1,0.0,0.9415940912047497,Persuadable (Priority),1,17,10652.235294117647
959,1,1,0.0,0.9406437696790908,Persuadable (Priority),1,11,10561.181818181818
16,1,1,0.0,0.9395863747689532,Persuadable (Priority),1,15,9256.733333333334
30,1,1,0.0,0.9389849474026792,Persuadable (Priority),1,24,8196.166666666666
492,1,1,0.0,0.9389849474026792,Persuadable (Priority),1,34,8122.735294117647
45,1,1,0.0,0.9388989515150549,Persuadable (Priority),1,23,8133.086956521739
455,1,1,0.0,0.9379737297500808,Persuadable (Priority),1,16,8382.9375
153,1,1,0.0,0.937071694617958,Persuadable (Priority),0,11,8561.727272727272
69,1,1,0.0,0.9370604328692534,Persuadable (Priority),1,16,8295.0625
215,1,1,0.0,0.9364130544513417,Persuadable (Priority),1,11,10740.0
943,1,1,0.0,0.9364130544513417,Persuadable (Priority),1,11,10742.90909090909
996,1,1,0.0,0.9354599489983308,Persuadable (Priority),1,10,12578.0
865,1,1,0.0,0.9346317977665055,Persuadable (Priority),1,11,9167.181818181818
289,1,1,0.0,0.9337388272678502,Persuadable (Priority),1,10,11375.2
700,1,1,0.0,0.9337388272678502,Persuadable (Priority),1,10,11292.6
732,1,1,0.0,0.933003041951075,Persuadable (Priority),1,12,9875.5
361,1,1,0.0,0.9325326303431292,Persuadable (Priority),1,14,7531.285714285715
562,1,1,0.0,0.9321826440985058,Persuadable (Priority),1,19,9360.578947368422
381,1,1,0.0,0.9321826440985058,Persuadable (Priority),1,17,10603.529411764706
579,1,1,0.0,0.9320573192485828,Persuadable (Priority),1,18,9151.666666666666
356,1,1,0.0,0.9310800341312175,Natural conversion (No promo needed),1,17,9790.0
388,1,1,0.0,0.9310800341312175,Natural conversion (No promo needed),1,14,10153.642857142857
809,1,1,0.0,0.9310800341312175,Natural conversion (No promo needed),1,13,10395.384615384615
505,1,1,0.0,0.9310800341312175,Natural conversion (No promo needed),1,14,10486.857142857143
207,1,1,0.0,0.9310800341312175,Natural conversion (No promo needed),1,17,9679.764705882353
300,1,1,0.0,0.9310800341312175,Natural conversion (No promo needed),1,16,9857.1875
1,1,1,0.0,0.9310800341312175,Natural conversion (No promo needed),1,17,9156.176470588236
187,1,1,0.0,0.9310800341312175,Natural conversion (No promo needed),1,18,9703.944444444445
768,1,1,0.0,0.9310800341312175,Natural conversion (No promo needed),1,14,9122.0
344,1,1,0.0,0.9310800341312175,Natural conversion (No promo needed),1,16,9788.25
567,1,1,0.0,0.9310800341312175,Natural conversion (No promo needed),1,16,10054.375
679,1,1,0.0,0.9310800341312175,Natural conversion (No promo needed),1,13,9878.384615384615
649,1,1,0.0,0.9310800341312175,Natural conversion (No promo needed),1,16,9500.9375
89,1,1,0.0,0.9310800341312175,Natural conversion (No promo needed),1,13,10235.923076923076
618,1,1,0.0,0.930948386884171,Natural conversion (No promo needed),1,14,10048.642857142857
163,1,1,0.0,0.930948386884171,Natural conversion (No promo needed),1,16,8816.3125
193,1,1,0.0,0.930948386884171,Natural conversion (No promo needed),1,13,9145.615384615385
658,1,1,0.0,0.930948386884171,Natural conversion (No promo needed),1,18,9840.111111111111
925,1,1,0.0,0.930948386884171,Natural conversion (No promo needed),1,18,9382.888888888889
407,1,1,0.0,0.930948386884171,Natural conversion (No promo needed),1,18,10102.166666666666
772,1,1,0.0,0.930948386884171,Natural conversion (No promo needed),1,19,10218.052631578947
782,1,1,0.0,0.930948386884171,Natural conversion (No promo needed),1,15,9865.533333333333
506,1,1,0.0,0.930948386884171,Natural conversion (No promo needed),1,19,9969.578947368422
531,1,1,0.0,0.930948386884171,Natural conversion (No promo needed),1,19,9683.263157894737
496,1,1,0.0,0.9298522010197835,Natural conversion (No promo needed),1,11,7664.090909090909
158,1,1,0.0,0.9290146626202969,Natural conversion (No promo needed),1,13,11165.23076923077
853,1,1,0.0,0.9283625397118679,Natural conversion (No promo needed),1,19,8530.78947368421
718,1,1,0.0,0.9283625397118679,Natural conversion (No promo needed),1,17,8741.176470588236
370,1,1,0.0,0.9283625397118679,Natural conversion (No promo needed),1,13,8715.153846153846
469,1,1,0.0,0.9282153728908189,Natural conversion (No promo needed),1,17,8455.764705882353
947,1,1,0.0,0.9282153728908189,Natural conversion (No promo needed),1,16,8535.9375
611,1,0,0.0,0.9282153728908189,Resistant (No response),1,19,8635.052631578947
789,1,1,0.0,0.9282153728908189,Natural conversion (No promo needed),1,15,8744.266666666666
239,1,1,0.0,0.9276892474791169,Natural conversion (No promo needed),1,12,8743.666666666666
944,1,1,0.0,0.9269910700384897,Natural conversion (No promo needed),1,11,9335.363636363636
587,1,1,0.0,0.9251005099243633,Natural conversion (No promo needed),1,19,10929.105263157895
25,1,1,0.0,0.9236433498282346,Natural conversion (No promo needed),1,18,10783.833333333334
485,1,0,0.0,0.9234694434533501,Resistant (No response),1,14,10619.357142857143
335,1,1,0.0,0.9217888484984446,Natural conversion (No promo needed),1,13,8212.153846153846
804,1,1,0.0,0.9201106219509676,Natural conversion (No promo needed),1,11,10127.454545454546
350,1,1,0.0,0.9201106219509676,Natural conversion (No promo needed),1,11,9814.181818181818
561,1,0,0.0,0.9199095565049306,Resistant (No response),1,11,9283.727272727272
250,1,1,0.0,0.9198324170502524,Natural conversion (No promo needed),1,11,9586.181818181818
978,1,1,0.0,0.9178788913936035,Natural conversion (No promo needed),1,11,8743.454545454546
125,1,1,0.0,0.9178272602957329,Natural conversion (No promo needed),1,18,8225.888888888889
42,1,1,0.0,0.9177224682386645,Natural conversion (No promo needed),1,13,5254.7692307692305
348,1,1,0.0,0.9177224682386645,Natural conversion (No promo needed),1,14,5237.071428571428
226,1,1,0.0,0.91759449479231,Natural conversion (No promo needed),0,10,9640.7
443,1,1,0.0,0.91759449479231,Natural conversion (No promo needed),0,10,10519.1
774,1,1,0.0,0.91759449479231,Natural conversion (No promo needed),0,10,9661.7
448,1,1,0.0,0.91759449479231,Natural conversion (No promo needed),0,10,10436.2
672,1,1,0.0,0.91759449479231,Natural conversion (No promo needed),0,10,10496.0
984,1,1,0.0,0.9160675058877605,Natural conversion (No promo needed),1,10,9398.6
61,1,1,0.0,0.9160117631356277,Natural conversion (No promo needed),1,18,8225.333333333334
906,1,1,0.0,0.9157951836346387,Natural conversion (No promo needed),1,16,8321.75
601,1,1,0.0,0.9157951836346387,Natural conversion (No promo needed),1,19,8233.78947368421
806,1,1,0.0,0.9157951836346387,Natural conversion (No promo needed),1,13,8289.307692307691
849,1,1,0.0,0.914331789003309,Natural conversion (No promo needed),1,12,9318.5
390,1,1,0.0,0.9131960281792186,Natural conversion (No promo needed),1,12,4392.333333333333
225,1,1,0.0,0.9122258838609162,Natural conversion (No promo needed),1,11,8463.181818181818
298,1,1,0.0,0.9121788329388966,Natural conversion (No promo needed),1,14,10997.142857142857
198,1,1,0.0,0.9115271010343156,Natural conversion (No promo needed),1,10,9167.9
648,1,0,0.0,0.9100754926219197,Resistant (No response),0,10,9359.9
527,1,1,0.0,0.9100754926219197,Natural conversion (No promo needed),0,10,8647.6
917,1,1,0.0,0.9092288168385945,Natural conversion (No promo needed),1,10,8695.6
675,1,1,0.0,0.9058527054166683,Natural conversion (No promo needed),1,20,6142.15
224,1,1,0.0,0.905651123050968,Natural conversion (No promo needed),1,11,9927.727272727272
46,1,1,0.0,0.9042624503943428,Natural conversion (No promo needed),1,10,9994.7
798,1,1,0.0,0.9042624503943428,Natural conversion (No promo needed),1,10,9756.4
882,1,1,0.0,0.9042624503943428,Natural conversion (No promo needed),1,10,10378.9
929,1,1,0.0,0.9035550540090029,Natural conversion (No promo needed),1,10,10578.0
72,1,1,0.0,0.9035550540090029,Natural conversion (No promo needed),1,10,10515.4
972,1,1,0.0,0.9027382482014521,Natural conversion (No promo needed),1,10,9752.3
577,1,1,0.0,0.9027382482014521,Natural conversion (No promo needed),1,10,9796.1
895,1,1,0.0,0.9018680280566184,Natural conversion (No promo needed),1,11,10925.818181818182
903,1,1,0.0,0.9002740992219096,Natural conversion (No promo needed),1,11,8769.818181818182
612,1,1,0.0,0.8999717379586273,Natural conversion (No promo needed),1,12,9274.0
147,1,1,0.0,0.8999212280444253,Natural conversion (No promo needed),1,11,9934.363636363636
640,1,1,0.0,0.8996169776079018,Natural conversion (No promo needed),1,12,9997.833333333334
552,1,1,0.0,0.8989328471299998,Natural conversion (No promo needed),1,10,11333.7
369,1,1,0.0,0.8966024874508429,Natural conversion (No promo needed),1,23,6248.608695652174
446,1,1,0.0,0.8957129271657144,Natural conversion (No promo needed),1,11,10877.636363636364
340,1,1,0.0,0.8957129271657144,Natural conversion (No promo needed),1,11,10700.90909090909
741,1,1,0.0,0.895468657148943,Natural conversion (No promo needed),1,10,9200.5
185,1,1,0.0,0.895468657148943,Natural conversion (No promo needed),1,10,8829.9
982,1,1,0.0,0.8946223720812986,Natural conversion (No promo needed),1,10,8434.5
327,1,1,0.0,0.8946223720812986,Natural conversion (No promo needed),1,10,9540.2
669,1,0,0.0,0.8946223720812986,Resistant (No response),1,10,9568.5
479,1,1,0.0,0.8940552491831729,Natural conversion (No promo needed),1,11,8743.181818181818
304,1,1,0.0,0.8939410440505314,Natural conversion (No promo needed),1,11,8957.272727272728
954,1,1,0.0,0.8936050056953165,Natural conversion (No promo needed),1,11,9296.454545454546
985,1,1,0.0,0.891243646833668,Natural conversion (No promo needed),1,14,6159.857142857143
29,1,1,0.0,0.8904963259127354,Natural conversion (No promo needed),0,11,7883.636363636364
894,1,1,0.0,0.8898767131676822,Natural conversion (No promo needed),1,11,7230.090909090909
652,1,1,0.0,0.8866624554079279,Natural conversion (No promo needed),1,11,8604.272727272728
383,1,1,0.0,0.8838923277663071,Natural conversion (No promo needed),1,10,10349.8
214,1,1,0.0,0.8835038459167455,Natural conversion (No promo needed),1,10,9852.5
414,1,1,0.0,0.8826619206789453,Natural conversion (No promo needed),1,11,11053.818181818182
229,1,1,0.0,0.8757310104673257,Natural conversion (No promo needed),1,11,6991.909090909091
3,1,1,0.0,0.8757310104673257,Natural conversion (No promo needed),1,12,6926.083333333333
923,1,1,0.0,0.8743556702294674,Natural conversion (No promo needed),1,12,7658.75
549,1,1,0.0,0.8743556702294674,Natural conversion (No promo needed),1,11,7805.636363636364
255,1,1,0.0,0.8743556702294674,Natural conversion (No promo needed),1,11,7983.545454545455
535,1,1,0.0,0.8740539004312501,Natural conversion (No promo needed),1,19,6598.473684210527
773,1,1,0.0,0.8722102044228894,Natural conversion (No promo needed),1,10,10133.8
417,1,1,0.0,0.8722102044228894,Natural conversion (No promo needed),1,10,9830.7
754,1,1,0.0,0.8722102044228894,Natural conversion (No promo needed),1,10,9878.6
391,1,1,0.0,0.8706700444411272,Natural conversion (No promo needed),0,21,6555.476190476191
728,1,1,0.0,0.8703914248326926,Natural conversion (No promo needed),0,11,11743.272727272728
454,1,1,0.0,0.8701689896658298,Natural conversion (No promo needed),1,10,10266.0
521,1,1,0.0,0.8676599188277585,Natural conversion (No promo needed),1,11,7145.181818181818
931,1,1,0.0,0.8661646238237612,Natural conversion (No promo needed),1,17,6485.529411764706
487,1,1,0.0,0.8661646238237612,Natural conversion (No promo needed),1,16,6608.875
256,1,1,0.0,0.8660278885498087,Natural conversion (No promo needed),1,10,10899.3
432,1,1,0.0,0.8649895361853271,Natural conversion (No promo needed),1,11,7422.181818181818
888,1,1,0.0,0.8638533938566423,Natural conversion (No promo needed),0,10,7573.6
543,1,1,0.0,0.8638533938566423,Natural conversion (No promo needed),0,10,8067.7
332,1,1,0.0,0.863433330738713,Natural conversion (No promo needed),1,10,8792.5
118,1,1,0.0,0.863433330738713,Natural conversion (No promo needed),1,10,9260.3
656,1,1,0.0,0.863433330738713,Natural conversion (No promo needed),1,10,9047.2
286,1,1,0.0,0.863433330738713,Natural conversion (No promo needed),1,10,9075.9
907,1,1,0.0,0.863433330738713,Natural conversion (No promo needed),1,10,9167.8
710,1,1,0.0,0.863433330738713,Natural conversion (No promo needed),1,10,8407.6
651,1,1,0.0,0.863433330738713,Natural conversion (No promo needed),1,10,8335.7
151,1,1,0.0,0.8633881187970935,Natural conversion (No promo needed),1,10,7462.4
176,1,1,0.0,0.8617028813900809,Natural conversion (No promo needed),1,7,11438.42857142857
900,1,0,0.0,0.8615142879075235,Resistant (No response),1,12,7819.916666666667
315,1,1,0.0,0.8611939624119276,Natural conversion (No promo needed),1,10,9527.3
597,1,1,0.0,0.8611939624119276,Natural conversion (No promo needed),1,10,8673.3
696,1,1,0.0,0.8608050501137496,Natural conversion (No promo needed),1,12,7678.666666666667
861,1,0,0.0,0.8608050501137496,Resistant (No response),1,11,7620.545454545455
829,1,1,0.0,0.8608050501137496,Natural conversion (No promo needed),1,11,7715.727272727273
623,1,1,0.0,0.8598597886219129,Natural conversion (No promo needed),1,14,6619.0
156,1,1,0.0,0.8598597886219129,Natural conversion (No promo needed),1,14,6611.714285714285
697,1,1,0.0,0.8590918119583818,Natural conversion (No promo needed),1,24,6016.958333333333
102,1,1,0.0,0.8567064600981632,Natural conversion (No promo needed),1,12,8215.666666666666
508,1,1,0.0,0.8547733677970959,Natural conversion (No promo needed),0,7,4422.714285714285
78,1,1,0.0,0.8514976270383656,Natural conversion (No promo needed),0,24,10596.375
79,1,1,0.0,0.8514976270383656,Natural conversion (No promo needed),0,35,10402.57142857143
701,1,1,0.0,0.8502067225902713,Natural conversion (No promo needed),0,9,5131.333333333333
780,1,1,0.0,0.8502067225902713,Natural conversion (No promo needed),0,9,5250.222222222223
142,1,1,0.0,0.8501507821176768,Natural conversion (No promo needed),1,10,7090.0
278,1,1,0.0,0.8501507821176768,Natural conversion (No promo needed),1,10,7457.3
826,1,1,0.0,0.8496065740449646,Natural conversion (No promo needed),1,10,7839.8
477,1,1,0.0,0.8483952410144591,Natural conversion (No promo needed),1,3,6913.0
534,1,0,0.0,0.8472428534064732,Resistant (No response),1,12,8757.583333333334
609,1,1,0.0,0.8461491034940315,Natural conversion (No promo needed),0,7,12809.42857142857
868,1,0,0.0,0.8433305643245289,Resistant (No response),1,10,7980.7
66,1,1,0.0,0.8432630142364571,Natural conversion (No promo needed),1,10,7037.1
899,1,1,0.0,0.8428099087650731,Natural conversion (No promo needed),0,3,3459.3333333333335
685,1,1,0.0,0.8428099087650731,Natural conversion (No promo needed),0,3,3363.0
746,1,1,0.0,0.8410541611670317,Natural conversion (No promo needed),1,12,6523.416666666667
608,1,1,0.0,0.8410541611670317,Natural conversion (No promo needed),1,12,6443.0
514,1,0,0.0,0.8383934937270918,Resistant (No response),1,11,7498.181818181818
949,1,1,0.0,0.8372295871591353,Natural conversion (No promo needed),1,8,4837.75
397,1,1,0.0,0.8365882931980771,Natural conversion (No promo needed),0,3,5875.666666666667
270,1,1,0.0,0.8357845385608343,Natural conversion (No promo needed),1,10,11089.8
84,1,1,0.0,0.8314319163825444,Natural conversion (No promo needed),1,10,6958.4
114,1,0,0.0,0.8302201567492856,Resistant (No response),1,11,8151.181818181818
419,1,1,0.0,0.8277089131396893,Natural conversion (No promo needed),1,10,7487.9
501,1,1,0.0,0.8277089131396893,Natural conversion (No promo needed),1,10,7696.1
297,1,1,0.0,0.8264429371184231,Natural conversion (No promo needed),1,10,6761.0
901,1,1,0.0,0.8250581774007318,Natural conversion (No promo needed),1,3,3527.3333333333335
427,1,1,0.0,0.8236103231241029,Natural conversion (No promo needed),1,10,8194.7
922,1,1,0.0,0.8234751171545586,Natural conversion (No promo needed),1,10,8274.5
62,1,0,0.0,0.8210413137758572,Resistant (No response),1,10,7038.0
898,1,0,0.0,0.8136118186903591,Resistant (No response),1,10,6623.7
493,1,1,0.0,0.8101668142273909,Natural conversion (No promo needed),1,3,4128.333333333333
343,1,1,0.0,0.804065963015454,Natural conversion (No promo needed),0,9,11606.666666666666
474,1,0,0.0,0.7982051822377535,Resistant (No response),1,10,8160.1
107,1,1,0.0,0.7955363491870189,Natural conversion (No promo needed),0,12,7534.833333333333
571,1,1,0.0,0.7940928197321103,Natural conversion (No promo needed),1,6,8112.0
282,1,1,0.0,0.7928910594899898,Natural conversion (No promo needed),0,10,7188.3
683,1,1,0.0,0.7903179699664392,Natural conversion (No promo needed),0,10,6485.0
238,1,1,0.0,0.7893564972368388,Natural conversion (No promo needed),0,3,4727.333333333333
358,1,1,0.0,0.7855163709902828,Natural conversion (No promo needed),1,5,5919.0
58,1,1,0.0,0.7752738735583761,Natural conversion (No promo needed),1,3,6857.333333333333
860,1,1,0.0,0.7752738735583761,Natural conversion (No promo needed),1,3,6863.666666666667
135,1,1,0.0,0.7743105907602214,Natural conversion (No promo needed),0,11,11896.363636363636
596,1,1,0.0,0.7695687115984089,Natural conversion (No promo needed),1,8,12530.625
312,1,1,0.0,0.768642037706655,Natural conversion (No promo needed),0,10,11721.3
336,1,1,0.0,0.7633620930140588,Natural conversion (No promo needed),1,5,6275.6
219,1,1,0.0,0.7623839325988824,Natural conversion (No promo needed),1,3,8040.666666666667
539,1,1,0.0,0.7594193413802388,Natural conversion (No promo needed),0,7,13629.857142857143
323,1,1,0.0,0.7557682241509599,Natural conversion (No promo needed),1,7,11149.857142857143
817,1,1,0.0,0.7456496796889877,Natural conversion (No promo needed),1,6,9447.333333333334
519,1,1,0.0,0.7440074386730986,Natural conversion (No promo needed),1,3,8582.0
668,1,1,0.0,0.7400510013259456,Natural conversion (No promo needed),1,7,4513.857142857143
119,1,1,0.0,0.7324609749018383,Natural conversion (No promo needed),1,3,6733.666666666667
827,1,1,0.0,0.7324609749018383,Natural conversion (No promo needed),1,3,6962.333333333333
489,1,1,0.0,0.7254166454109708,Natural conversion (No promo needed),0,7,6375.571428571428
172,1,0,0.0,0.7181978887040203,Resistant (No response),1,3,7532.666666666667
175,1,1,0.0,0.7021190228026766,Natural conversion (No promo needed),1,5,6949.2
480,1,0,0.0,0.6985656538398254,Resistant (No response),1,3,7301.666666666667
409,1,1,0.0,0.6955124220432356,Natural conversion (No promo needed),1,5,7926.6
259,1,1,0.0,0.6937700687053928,Natural conversion (No promo needed),1,9,6109.888888888889
456,1,1,0.0,0.6924082274256373,Natural conversion (No promo needed),1,7,7937.0
928,1,1,0.0,0.6896199323919218,Natural conversion (No promo needed),1,3,11339.666666666666
234,1,1,0.0,0.6831051954490075,Natural conversion (No promo needed),1,5,10165.4
957,1,0,0.0,0.6816759749828494,Resistant (No response),1,10,11137.2
993,1,1,0.0,0.6782952435510097,Natural conversion (No promo needed),1,5,5224.4
262,1,0,0.0,0.6767406175278368,Resistant (No response),0,8,8285.625
766,1,1,0.0,0.6767406175278368,Natural conversion (No promo needed),0,8,8515.5
677,1,1,0.0,0.6767406175278368,Natural conversion (No promo needed),0,8,8527.5
869,1,1,0.0,0.671985853352952,Natural conversion (No promo needed),1,9,7058.888888888889
302,1,1,0.0,0.671985853352952,Natural conversion (No promo needed),1,9,7426.888888888889
121,1,1,0.0,0.6673314095121228,Natural conversion (No promo needed),1,3,8269.0
674,1,1,0.0,0.6647536516412925,Natural conversion (No promo needed),1,7,6581.0
862,1,1,0.0,0.6602354779487581,Natural conversion (No promo needed),1,7,7903.142857142857
283,1,1,0.0,0.6599793034428275,Natural conversion (No promo needed),0,7,8977.142857142857
643,1,0,0.0,0.6568138650636984,Resistant (No response),1,8,7522.0
810,1,1,0.0,0.6564674711090545,Natural conversion (No promo needed),1,8,6445.625
393,1,0,0.0,0.6563287703554546,Resistant (No response),1,16,8220.25
808,1,0,0.0,0.6517879613894713,Resistant (No response),0,8,8592.5
736,1,0,0.0,0.6517879613894713,Resistant (No response),0,8,8788.0
345,1,1,0.0,0.6515854939922979,Natural conversion (No promo needed),1,8,8132.125
319,1,1,0.0,0.6515854939922979,Natural conversion (No promo needed),1,9,8192.222222222223
211,1,1,0.0,0.6515854939922979,Natural conversion (No promo needed),1,7,8386.142857142857
435,1,1,0.0,0.6509129880545443,Natural conversion (No promo needed),1,7,7889.857142857143
152,1,1,0.0,0.6502487213393614,Natural conversion (No promo needed),0,3,9283.333333333334
473,1,0,0.0,0.6501280047996122,Resistant (No response),1,9,7509.333333333333
723,1,1,0.0,0.6500764535746383,Natural conversion (No promo needed),1,7,8161.857142857143
569,1,0,0.0,0.6499339913830973,Resistant (No response),1,8,6529.625
963,1,0,0.0,0.6448519191358683,Resistant (No response),1,23,6345.478260869565
240,1,1,0.0,0.6419719815878299,Natural conversion (No promo needed),0,20,7604.25
56,1,1,0.0,0.6418887487108317,Natural conversion (No promo needed),0,20,7450.7
544,1,0,0.0,0.6364040866026252,Resistant (No response),0,7,10353.714285714286
31,1,1,0.0,0.6364040866026252,Natural conversion (No promo needed),0,7,10505.857142857143
434,1,0,0.0,0.6364040866026252,Resistant (No response),0,7,9463.142857142857
110,1,0,0.0,0.6308154086630088,Resistant (No response),1,7,8079.571428571428
752,1,1,0.0,0.6304731407109936,Natural conversion (No promo needed),1,9,8591.111111111111
735,1,0,0.0,0.6269524485962993,Resistant (No response),1,7,8969.42857142857
436,1,1,0.0,0.6269524485962993,Natural conversion (No promo needed),1,9,9304.666666666666
839,1,1,0.0,0.6247113702005745,Natural conversion (No promo needed),1,6,6415.0
875,1,1,0.0,0.6221630624605984,Natural conversion (No promo needed),1,9,7484.666666666667
346,1,0,0.0,0.6221630624605984,Resistant (No response),1,8,7058.125
953,1,0,0.0,0.6181460958558413,Resistant (No response),1,7,7481.571428571428
850,1,1,0.0,0.6151100958619827,Natural conversion (No promo needed),1,7,8539.57142857143
325,1,1,0.0,0.6095336751185413,Natural conversion (No promo needed),0,17,7335.117647058823
734,1,1,0.0,0.6071284517104236,Natural conversion (No promo needed),0,14,7768.857142857143
749,1,1,0.0,0.6068494570571358,Natural conversion (No promo needed),0,18,7492.5
515,1,1,0.0,0.6033650530641094,Natural conversion (No promo needed),1,7,10343.57142857143
258,1,0,0.0,0.5997485059146749,Resistant (No response),1,7,9228.857142857143
497,1,0,0.0,0.598724537770859,Resistant (No response),1,7,9924.0
227,1,1,0.0,0.5967495578865741,Natural conversion (No promo needed),1,3,9361.333333333334
97,1,1,0.0,0.5908669085284192,Natural conversion (No promo needed),1,8,8689.375
467,1,0,0.0,0.5908669085284192,Resistant (No response),1,9,8709.555555555555
581,1,0,0.0,0.5902025705656547,Resistant (No response),1,8,9578.625
257,1,0,0.0,0.5890550941671558,Resistant (No response),1,7,9195.714285714286
98,1,1,0.0,0.5890550941671558,Natural conversion (No promo needed),1,7,8946.285714285714
818,1,1,0.0,0.5890550941671558,Natural conversion (No promo needed),1,7,9432.285714285714
564,1,1,0.0,0.5743084888223715,Natural conversion (No promo needed),1,7,10261.57142857143
807,1,1,0.0,0.5707102343869961,Natural conversion (No promo needed),1,9,9247.222222222223
698,1,0,0.0,0.5652605656070714,Resistant (No response),1,9,10150.666666666666
713,1,0,0.0,0.5652605656070714,Resistant (No response),1,8,10070.25
546,0,0,0.0,0.5553831637216554,Resistant (No response),1,6,4947.166666666667
951,1,0,0.0,0.5494954352566329,Resistant (No response),1,13,6828.307692307692
816,1,0,0.0,0.5494954352566329,Resistant (No response),1,18,6792.055555555556
71,1,1,0.0,0.5486237656754329,Natural conversion (No promo needed),0,10,6941.9
841,1,0,0.0,0.5455218996443006,Resistant (No response),1,9,9868.0
93,1,1,0.0,0.5359547076508028,Natural conversion (No promo needed),0,10,7998.9
820,1,0,0.0,0.5188730694770242,Resistant (No response),1,6,9479.5
18,1,1,0.0,0.5188730694770242,Natural conversion (No promo needed),1,6,9615.0
873,1,1,0.0,0.517574415758743,Natural conversion (No promo needed),0,10,6372.4
525,1,1,0.0,0.5103049898802537,Natural conversion (No promo needed),0,11,5933.636363636364
563,1,0,0.0,0.5076441292544214,Resistant (No response),1,9,11092.666666666666
65,1,1,0.0,0.4996011013720548,Natural conversion (No promo needed),0,3,5015.0
607,1,1,0.0,0.4973345937279151,Natural conversion (No promo needed),0,3,7095.0
127,1,1,0.0,0.4729443808040742,Natural conversion (No promo needed),0,3,7759.666666666667
578,1,0,0.0,0.45801158667862985,Resistant (No response),1,4,3569.5
795,1,1,0.0,0.4565728680405755,Natural conversion (No promo needed),0,7,7187.142857142857
876,1,1,0.0,0.4448606246872113,Natural conversion (No promo needed),0,22,9161.045454545454
883,1,1,0.0,0.4448606246872113,Natural conversion (No promo needed),0,22,9725.136363636364
401,1,1,0.0,0.44460513764855636,Natural conversion (No promo needed),0,20,9486.75
264,1,1,0.0,0.44460513764855636,Natural conversion (No promo needed),0,20,8949.2
261,1,1,0.0,0.4439336591746298,Natural conversion (No promo needed),0,23,8643.91304347826
621,1,1,0.0,0.44364699947434183,Natural conversion (No promo needed),0,24,8652.208333333334
471,1,0,0.0,0.44288253402771893,Resistant (No response),1,4,4465.5
765,1,1,0.0,0.44285347812890885,Natural conversion (No promo needed),0,20,9689.2
976,1,1,0.0,0.44253056992822615,Natural conversion (No promo needed),0,20,9165.55
41,1,1,0.0,0.44161083300880977,Natural conversion (No promo needed),0,26,11234.038461538461
210,1,1,0.0,0.43861905635694154,Natural conversion (No promo needed),0,7,6642.0
584,1,1,0.0,0.4341303139229489,Natural conversion (No promo needed),0,14,10290.714285714286
100,1,1,0.0,0.4331842027808983,Natural conversion (No promo needed),0,18,10611.333333333334
421,1,1,0.0,0.4290376348014978,Natural conversion (No promo needed),0,17,8690.411764705883
797,1,1,0.0,0.4281408579139122,Natural conversion (No promo needed),0,13,8986.153846153846
927,1,1,0.0,0.4281408579139122,Natural conversion (No promo needed),0,18,10603.111111111111
382,1,1,0.0,0.42022364042948324,Natural conversion (No promo needed),0,14,8236.07142857143
541,1,1,0.0,0.41858300377784446,Natural conversion (No promo needed),1,6,4357.666666666667
950,1,0,0.0,0.41497389091683434,Resistant (No response),1,8,6053.25
478,1,1,0.0,0.4037180550526074,Natural conversion (No promo needed),0,10,8867.3
560,1,1,0.0,0.39129664099932004,Natural conversion (No promo needed),0,8,7405.0
641,1,1,0.0,0.3808633226798813,Natural conversion (No promo needed),0,8,7692.25
761,1,1,0.0,0.37571490426827087,Natural conversion (No promo needed),1,6,6643.666666666667
503,1,0,0.0,0.3736843869725063,Resistant (No response),1,4,5344.75
313,1,1,0.0,0.3649542482894863,Natural conversion (No promo needed),0,8,7925.0
486,1,0,0.0,0.3587661138303048,Resistant (No response),1,6,7770.0
659,1,0,0.0,0.3552117332214994,Resistant (No response),0,3,6399.333333333333
517,1,0,0.0,0.34888580461183544,Resistant (No response),0,3,7344.333333333333
737,1,0,0.0,0.34866022049906115,Resistant (No response),0,6,8351.666666666666
268,1,0,0.0,0.341619976459705,Resistant (No response),1,3,12167.0
373,1,0,0.0,0.3382919765746761,Resistant (No response),1,6,6357.333333333333
622,1,1,0.0,0.32490221079656423,Natural conversion (No promo needed),0,10,11961.2
881,1,0,0.0,0.32322672954853504,Resistant (No response),1,6,8178.333333333333
265,1,0,0.0,0.3182464349846536,Resistant (No response),1,6,4172.666666666667
715,1,0,0.0,0.2995641644693149,Resistant (No response),0,6,9753.666666666666
231,1,1,0.0,0.2980932480248762,Natural conversion (No promo needed),1,6,10107.666666666666
498,1,0,0.0,0.2970004836242237,Resistant (No response),1,6,9386.333333333334
940,1,0,0.0,0.27559102912094713,Resistant (No response),0,6,10346.166666666666
813,1,1,0.0,0.27218595047678207,Natural conversion (No promo needed),0,23,9858.478260869566
179,1,1,0.0,0.26234867644088455,Natural conversion (No promo needed),0,17,9211.470588235294
878,1,1,0.0,0.26234867644088455,Natural conversion (No promo needed),0,19,9381.473684210527
389,1,1,0.0,0.25217032110311777,Natural conversion (No promo needed),0,11,11507.363636363636
522,1,0,0.0,0.24677675490340983,Resistant (No response),1,8,5487.125
625,1,0,0.0,0.24407102566710717,Resistant (No response),1,7,5651.571428571428
8,1,0,0.0,0.24290181810385542,Resistant (No response),0,6,11292.333333333334
523,1,1,0.0,0.23838695187119396,Natural conversion (No promo needed),0,11,8341.454545454546
136,1,0,0.0,0.23768868264116966,Resistant (No response),1,6,10620.833333333334
708,1,1,0.0,0.22741753519167196,Natural conversion (No promo needed),0,7,11844.714285714286
5,1,0,0.0,0.22660404476322532,Resistant (No response),0,6,5685.0
329,1,1,0.0,0.2241234762978015,Natural conversion (No promo needed),0,10,9158.6
145,1,1,0.0,0.2241234762978015,Natural conversion (No promo needed),0,10,9120.5
91,1,0,0.0,0.21974939651626907,Resistant (No response),1,6,11354.666666666666
82,1,0,0.0,0.21257597081250232,Resistant (No response),0,6,11005.166666666666
402,1,1,0.0,0.2062522679320462,Natural conversion (No promo needed),0,3,8149.666666666667
970,1,0,0.0,0.19956831477583026,Resistant (No response),1,6,5508.166666666667
253,1,1,0.0,0.18380699397161915,Natural conversion (No promo needed),0,7,11901.142857142857
911,1,1,0.0,0.17861418847662514,Natural conversion (No promo needed),0,7,8309.142857142857
627,1,0,0.0,0.17495940066413967,Resistant (No response),1,3,2417.3333333333335
769,1,0,0.0,0.17281687508908056,Resistant (No response),1,6,12037.833333333334
423,0,0,0.0,0.17157261292674925,Resistant (No response),0,6,11785.833333333334
703,1,0,0.0,0.16560556054710343,Resistant (No response),1,6,12293.666666666666
634,1,0,0.0,0.1555660832898081,Resistant (No response),0,9,6073.777777777777
307,1,0,0.0,0.12401763662642348,Resistant (No response),1,4,3358.75
706,1,1,0.0,0.12221134289703073,Natural conversion (No promo needed),0,7,10225.285714285714
183,1,0,0.0,0.10896156719952954,Resistant (No response),0,14,5581.071428571428
406,1,1,0.0,0.10339654328403058,Natural conversion (No promo needed),0,3,6035.333333333333
956,1,1,0.0,0.10010145395264403,Natural conversion (No promo needed),0,3,6196.333333333333
566,1,1,0.0,0.08838263842623129,Natural conversion (No promo needed),0,3,7712.333333333333
399,1,0,0.0,0.05251509027403414,Resistant (No response),1,2,6775.0
449,1,0,0.0,0.04994955953782259,Resistant (No response),0,2,1304.0
235,1,0,0.0,0.048438367032829964,Resistant (No response),0,2,4297.0
558,1,0,0.0,0.046192204156220835,Resistant (No response),0,2,4919.0
545,1,1,0.0,0.042416204427591975,Natural conversion (No promo needed),0,24,8962.833333333334
425,1,1,0.0,0.04237164041677399,Natural conversion (No promo needed),0,27,8807.74074074074
719,1,1,0.0,0.042162217549305936,Natural conversion (No promo needed),0,21,9936.761904761905
681,1,1,0.0,0.042116153378119026,Natural conversion (No promo needed),0,25,10037.56
731,1,1,0.0,0.041209698446201704,Natural conversion (No promo needed),0,34,8467.617647058823
150,1,0,0.0,0.04069986914326399,Resistant (No response),1,2,7466.0
429,1,1,0.0,0.039979262690386874,Natural conversion (No promo needed),0,42,8321.238095238095
764,1,1,0.0,0.039485805933738294,Natural conversion (No promo needed),0,22,10952.227272727272
980,1,1,0.0,0.03720698489799712,Natural conversion (No promo needed),0,3,6820.333333333333
246,1,0,0.0,0.03681343839345873,Resistant (No response),1,2,4934.5
591,1,0,0.0,0.03671192536345744,Resistant (No response),1,2,6002.0
791,1,0,0.0,0.03657646618879972,Resistant (No response),1,2,5147.5
975,1,1,0.0,0.03174823323120379,Natural conversion (No promo needed),0,13,9152.076923076924
90,1,1,0.0,0.03174823323120379,Natural conversion (No promo needed),0,13,9145.0
633,1,1,0.0,0.03164132965251154,Natural conversion (No promo needed),0,16,10093.1875
463,1,1,0.0,0.03164132965251154,Natural conversion (No promo needed),0,13,8787.76923076923
559,1,1,0.0,0.030807553188679893,Natural conversion (No promo needed),0,16,10029.6875
529,1,1,0.0,0.030807553188679893,Natural conversion (No promo needed),0,14,9282.357142857143
464,1,1,0.0,0.030807553188679893,Natural conversion (No promo needed),0,13,9028.461538461539
837,1,1,0.0,0.030807553188679893,Natural conversion (No promo needed),0,18,10062.944444444445
385,1,1,0.0,0.030807553188679893,Natural conversion (No promo needed),0,18,10423.222222222223
776,1,1,0.0,0.030807553188679893,Natural conversion (No promo needed),0,17,9831.35294117647
67,1,1,0.0,0.030807553188679893,Natural conversion (No promo needed),0,16,10380.0625
840,1,1,0.0,0.030695218510460975,Natural conversion (No promo needed),0,19,9732.315789473685
34,1,1,0.0,0.030695218510460975,Natural conversion (No promo needed),0,13,8766.307692307691
864,1,1,0.0,0.030695218510460975,Natural conversion (No promo needed),0,14,9025.142857142857
526,1,1,0.0,0.030070421509002854,Natural conversion (No promo needed),0,17,11269.823529411764
720,1,1,0.0,0.02994162542724066,Natural conversion (No promo needed),0,3,6377.333333333333
516,1,1,0.0,0.029420751074738294,Natural conversion (No promo needed),0,14,8580.285714285714
828,1,0,0.0,0.02896526418241861,Resistant (No response),1,2,4283.5
960,1,1,0.0,0.028487795246053382,Natural conversion (No promo needed),0,16,8466.875
593,1,1,0.0,0.028487795246053382,Natural conversion (No promo needed),0,17,8517.882352941177
254,1,1,0.0,0.028487795246053382,Natural conversion (No promo needed),0,16,8536.6875
216,1,1,0.0,0.02836211286383994,Natural conversion (No promo needed),0,14,8702.714285714286
174,0,0,0.0,0.02748210473651076,Resistant (No response),1,2,1621.5
886,0,0,0.0,0.027278162857824154,Resistant (No response),1,2,3204.5
123,1,1,0.0,0.025700649784889507,Natural conversion (No promo needed),0,14,10801.785714285714
513,1,1,0.0,0.025608768553590067,Natural conversion (No promo needed),0,8,8847.875
842,1,1,0.0,0.024454721744686436,Natural conversion (No promo needed),0,16,10725.3125
167,1,1,0.0,0.024454721744686436,Natural conversion (No promo needed),0,13,10782.23076923077
714,1,1,0.0,0.02430598792228178,Natural conversion (No promo needed),0,18,10754.444444444445
550,1,1,0.0,0.02348184024403399,Natural conversion (No promo needed),0,10,10609.1
547,1,1,0.0,0.01984802287314391,Natural conversion (No promo needed),0,16,11100.0
572,1,1,0.0,0.019614467670981073,Natural conversion (No promo needed),0,11,11301.545454545454
305,1,1,0.0,0.0167690517894441,Natural conversion (No promo needed),0,12,9666.666666666666
615,1,1,0.0,0.013196239035627055,Natural conversion (No promo needed),0,11,9536.454545454546
758,1,1,0.0,0.013196239035627055,Natural conversion (No promo needed),0,11,8847.545454545454
964,1,1,0.0,0.010653838217495992,Natural conversion (No promo needed),0,11,10463.818181818182
676,1,1,0.0,0.010653838217495992,Natural conversion (No promo needed),0,11,9942.363636363636
410,1,1,0.0,0.01042770846787644,Natural conversion (No promo needed),0,11,10357.90909090909
695,1,1,0.0,0.0087987269810762,Natural conversion (No promo needed),0,10,11233.5
57,1,1,0.0,0.0087987269810762,Natural conversion (No promo needed),0,10,11185.1
790,1,1,0.0,0.007522617999782599,Natural conversion (No promo needed),0,11,10710.0
661,1,1,0.0,0.0072792479591827774,Natural conversion (No promo needed),0,11,10749.636363636364
437,1,1,0.0,0.006413793331286111,Natural conversion (No promo needed),0,10,10190.8
48,1,1,0.0,0.006201998124960473,Natural conversion (No promo needed),0,11,8982.363636363636
428,1,1,0.0,0.006201998124960473,Natural conversion (No promo needed),0,11,8887.09090909091
490,1,1,0.0,0.0029608295841515586,Natural conversion (No promo needed),0,10,10953.9
870,1,1,0.0,0.0026925542425582094,Natural conversion (No promo needed),0,10,10804.3
377,1,1,0.0,0.0015052401736775911,Natural conversion (No promo needed),0,10,9548.5
704,1,1,0.0,0.0012290707821700497,Natural conversion (No promo needed),0,10,9293.7
812,1,1,0.0,0.0009831402751666607,Natural conversion (No promo needed),0,13,8124.692307692308
347,1,1,0.0,0.0007743031581747273,Natural conversion (No promo needed),0,11,10997.545454545454
126,1,1,0.0,-0.011748439822390933,Natural conversion (No promo needed),0,10,10550.4
912,1,1,0.0,-0.011748439822390933,Natural conversion (No promo needed),0,10,10147.7
395,1,1,0.0,-0.011748439822390933,Natural conversion (No promo needed),0,10,9924.7
52,1,1,0.0,-0.01654330913601121,Natural conversion (No promo needed),0,10,10831.2
908,1,0,0.0,-0.01654330913601121,Resistant (No response),0,10,10754.5
10,1,1,0.0,-0.018560253242531077,Natural conversion (No promo needed),0,10,8345.0
744,1,1,0.0,-0.018560253242531077,Natural conversion (No promo needed),0,10,8336.5
111,1,1,0.0,-0.020303304379357012,Natural conversion (No promo needed),0,10,8604.3
845,1,1,0.0,-0.03398253535572149,Natural conversion (No promo needed),0,3,4314.0
974,1,0,0.0,-0.041660469422043885,Resistant (No response),1,2,9989.5
921,1,0,0.0,-0.07213304439054835,Resistant (No response),0,3,4921.333333333333
38,1,0,0.0,-0.0730360725521612,Resistant (No response),0,2,8843.5
832,1,1,0.0,-0.13619642504516938,Natural conversion (No promo needed),0,3,11542.333333333334
354,1,1,0.0,-0.15116791019143516,Natural conversion (No promo needed),0,3,8150.0
801,1,1,0.0,-0.15816129973465343,Natural conversion (No promo needed),0,7,8468.0
910,1,1,0.0,-0.1824041762085732,Natural conversion (No promo needed),0,3,11359.666666666666
404,1,1,0.0,-0.19524847919072152,Natural conversion (No promo needed),0,3,9402.0
326,1,0,0.0,-0.20819472276754258,Resistant (No response),0,10,8332.2
311,1,1,0.0,-0.21615558239173016,Natural conversion (No promo needed),0,3,10622.666666666666
617,1,1,0.0,-0.22528198875537564,Natural conversion (No promo needed),0,9,8349.111111111111
935,1,1,0.0,-0.22528198875537564,Natural conversion (No promo needed),0,7,8121.428571428572
202,1,1,0.0,-0.22528198875537564,Natural conversion (No promo needed),0,7,8393.714285714286
938,1,0,0.0,-0.23527273706625518,Resistant (No response),0,7,8545.714285714286
159,1,1,0.0,-0.24119106314577066,Natural conversion (No promo needed),0,8,8128.375
205,1,0,0.0,-0.25999360513984804,Resistant (No response),0,3,8496.666666666666
666,1,1,0.0,-0.2711942580891843,Natural conversion (No promo needed),0,8,9743.875
988,1,1,0.0,-0.2802776413734066,Natural conversion (No promo needed),0,7,9501.857142857143
777,1,1,0.0,-0.2802776413734066,Natural conversion (No promo needed),0,7,10064.0
794,1,0,0.0,-0.28851832785221354,Resistant (No response),0,9,9947.333333333334
694,1,0,0.0,-0.3041477461905854,Resistant (No response),0,2,7387.0
833,1,0,0.0,-0.314022901776891,Resistant (No response),0,2,2031.5
228,1,0,0.0,-0.3516626453398098,Resistant (No response),0,2,2719.5
197,0,1,0.0,-0.36749277561166493,Natural conversion (No promo needed),0,3,11264.0
426,1,0,0.0,-0.4422873283843359,Resistant (No response),0,6,11980.0
199,1,0,0.0,-0.6798992101315524,Resistant (No response),0,3,12645.666666666666
189,1,0,0.0,-0.6937676056387998,Resistant (No response),0,2,4275.0
247,1,0,0.0,-0.6957140728064692,Resistant (No response),0,2,2897.0
233,1,0,0.0,-0.6961779305999778,Resistant (No response),0,2,1445.5
941,1,0,0.0,-0.6961779305999778,Resistant (No response),0,2,1713.5
751,1,0,0.0,-0.9174122647181363,Resistant (No response),0,2,9319.0
